id_estacion;nombre_estacion;long_estacion;lat_estacion;domicilio_estacion;tipo_estacion;observaciones;horario_estacion
1.0;Facultad de Derecho;-58.392.452.073.017;-345.831.330.757.635;Av. Pres.Figueroa Alcorta y  Juan A.Bibiloni;AUTOMÁTICA;Abril 2015 (pasó de ser Manual a Automática);Estación automática: disponibilidad las 24 horas
2.0;Retiro;-583.748.217.877.563;-345.925.888.097.729;Av. Dr.Jose Ramos Mejia y Del Libertador Av;AUTOMÁTICA;Abril 2015 (pasó de ser Manual a Automática);Estación automática: disponibilidad las 24 horas
3.0;Aduana;-58.368.917.842.554.100;-346.112.420.249.771;Av. Ing.Huergo y Av. Belgrano;AUTOMÁTICA;Abril 2015 (pasó de ser Manual a Automática);Estación automática: disponibilidad las 24 horas
4.0;Plaza Roma;-583.689.503.833.679;-346.017.210.875.929;Lavalle y Bouchard;AUTOMÁTICA;Abril 2015 (pasó de ser Manual a Automática);Estación automática: disponibilidad las 24 horas
5.0;Plaza Italia;-58.420.997.041.077.900;-345.801.273.443.074;Av. Santa Fe y Av. Sarmiento;AUTOMÁTICA;Abril 2015 (pasó de ser Manual a Automática);Estación automática: disponibilidad las 24 horas
6.0;Parque Lezama;-583.697.086.719.241;-3.462.830.131.247;Av Martín García e Irala;AUTOMÁTICA;Abril 2015 (pasó de ser Manual a Automática);Estación automática: disponibilidad las 24 horas
7.0;Obelisco;-583.809.896.041.082;-346.058.404.963.166;Av. 9 de Julio y Tte. Gral Juan Domingo Perón;AUTOMÁTICA;Abril 2015 (pasó de ser Manual a Automática);Estación automática: disponibilidad las 24 horas
8.0;Congreso;-58.389.253.260.153.200;-346.099.304.592.001;Av. Hipólito Yrigoyen y Virrey Ceballos;AUTOMÁTICA;Abril 2015 (pasó de ser Manual a Automática);Estación automática: disponibilidad las 24 horas
9.0;Parque Las Heras;-584.071.446.712.567;-345.839.145.725.724;Parque Las Heras;AUTOMÁTICA;Abril 2015 (pasó de ser Manual a Automática);Estación automática: disponibilidad las 24 horas
10.0;Puerto Madero - UCA;-583.657.458.611.297;-3.461.555.142.799.740;Moreau de Justo 1500;AUTOMÁTICA;Abril 2015 (pasó de ser Manual a Automática);Estación automática: disponibilidad las 24 horas
11.0;Tribunales;-58.385.021.610.721.500;-346.013.128.134.582;Tribunales;AUTOMÁTICA;Abril 2015 (pasó de ser Manual a Automática);Estación automática: disponibilidad las 24 horas
12.0;Plaza Vicente López;-58.388.948.867.519.500;-345.931.772.798.824;Plaza Vicente López;AUTOMÁTICA;Abril 2015 (pasó de ser Manual a Automática);Estación automática: disponibilidad las 24 horas
13.0;Once;-584.065.992.807.793;-346.096.220.036.013;Plaza Miserere;AUTOMÁTICA;Abril 2015 (pasó de ser Manual a Automática);Estación automática: disponibilidad las 24 horas
14.0;Pacífico;-584.263.198.647.396;-345.777.874.974.914;Pacífico;AUTOMÁTICA;Abril 2015 (pasó de ser Manual a Automática);Estación automática: disponibilidad las 24 horas
15.0;Cochabamba;;;;;;
16.0;Legislatura;-58.374.717.240.582;-346.099.593.400.598;Perú y Diagonal Sur;;;
17.0;Plaza Almagro;-5.841.883.221.444.160;-34.606.398.525.093.300;Plaza Almagro;AUTOMÁTICA;Abril 2015 (pasó de ser Manual a Automática);Estación automática: disponibilidad las 24 horas
18.0;Independencia;-583.804.806.550.249;-346.173.731.525.033;Av. Independencia y 9 de Julio;AUTOMÁTICA;Abril 2015 (pasó de ser Manual a Automática);Estación automática: disponibilidad las 24 horas
19.0;Plaza San Martín;-583.775.489.312.645;-345.954.047.949.981;Plaza San Martín;AUTOMÁTICA;Abril 2015 (pasó de ser Manual a Automática);Estación automática: disponibilidad las 24 horas
20.0;Distrito Audiovisual;-58.441.788.509.931.700;-345.800.361.241.865;Zapiola y Dorrego;AUTOMÁTICA;Abril 2015 (pasó de ser Manual a Automática);Estación automática: disponibilidad las 24 horas
21.0;Parque Patricios;-584.066.133.884.138;-346.400.292.426.058;Iguazú y Uspallata;AUTOMÁTICA;Nueva estación! - Mayo 2015;Estación automática: disponibilidad las 24 horas
22.0;Arenales;-5.838.257.045.923.660;-34.594.099.836.289;Arenales y Cerrito;AUTOMÁTICA;Abril 2015 (pasó de ser Manual a Automática);Estación automática: disponibilidad las 24 horas
23.0;Suipacha;-583.795.661.232.215;-346.002.957.825.126;Suipacha y Viamonte;AUTOMÁTICA;Abril 2015 (pasó de ser Manual a Automática);Estación automática: disponibilidad las 24 horas
24.0;Alsina;-583.807.669.356.213;-346.105.722.194.484;Adolfo Alsina y Bernardo de Irigoyen;AUTOMÁTICA;Abril 2015 (pasó de ser Manual a Automática);Estación automática: disponibilidad las 24 horas
25.0;Plaza Güemes;-58.416.065.021.838.500;-345.895.207.284.602;Salguero Jerónimo y Mansilla;;;
26.0;Juana Manso;-583.636.035.935.707;-346.010.006.869.203;Emma de la Barra y Juana Manso;AUTOMÁTICA;Abril 2015 (pasó de ser Manual a Automática) - Se modificó el nombre (ex Emma de la Barra);Estación automática: disponibilidad las 24 horas
27.0;Montevideo;-5.838.989.599.839.620;-345.995.678.801.944;Av. Córdoba y Montevideo;AUTOMÁTICA;Abril 2015 (pasó de ser Manual a Automática);Estación automática: disponibilidad las 24 horas
28.0;Plaza Boedo;-58.412.398.197.949.200;-346.228.502.511.336;Carlos Calvo entre Virrey Liniers y Sánchez de Loria;AUTOMÁTICA;Abril 2015 (pasó de ser Manual a Automática);Estación automática: disponibilidad las 24 horas
29.0;Parque Centenario;-584.345.767.879.498;-346.084.590.356.008;Patricias Argentinas y Carlos Finlay;AUTOMÁTICA;Abril 2015 (pasó de ser Manual a Automática);Estación automática: disponibilidad las 24 horas
30.0;Peña;-583.973.783.649.902;-345.903.936.115.174;Azcuénaga y Peña;AUTOMÁTICA;Nueva estación! - Abril de 2015 (se incorpora con el sistema automático);Estación automática: disponibilidad las 24 horas
31.0;Padilla;-58.439.709.218.240.200;-34.603.162.361.388.600;Padilla y Warnes Av;AUTOMÁTICA;Nueva estación! - Enero 2016;Estación automática: disponibilidad las 24 horas
32.0;Catedral;-58.373.531.429.153.200;-34.607.727.795.686.100;San Martín y Rivadavia;AUTOMÁTICA;Nueva estación! - Abril de 2015 (se incorpora con el sistema automático);Estación automática: disponibilidad las 24 horas
33.0;Facultad de Medicina;-58.398.717.085.205.700;-345.971.266.094.165;Uriburu y Marcelo T. de Alvear;AUTOMÁTICA;Nueva estación! - Junio 2015;Estación automática: disponibilidad las 24 horas
34.0;Galerías Pacífico;-58.374.157.286.157.700;-345.995.794.260.034;San Martín 710, entre Viamonte y Córdoba;AUTOMÁTICA;Nueva estación! - Junio 2015;Estación automática: disponibilidad las 24 horas
35.0;Ingeniero Butty;-583.718.578.675.869;-34.596.327.388.790.900;Ing. Butty y Leandro N. Alem;AUTOMÁTICA;Nueva estación! - Abril de 2015 (se incorpora con el sistema automático);Estación automática: disponibilidad las 24 horas
36.0;Maipú;-583.765.960.288.027;-346.053.688.674.684;Maipú y Sarmiento;AUTOMÁTICA;Nueva estación! - Abril de 2015 (se incorpora con el sistema automático);Estación automática: disponibilidad las 24 horas
37.0;Piedras;-583.778.640.062.235;-3.460.791.436.370.980;Esmeralda y Rivadavia;AUTOMÁTICA;Nueva estación! - Abril de 2015 (se incorpora con el sistema automático);Estación automática: disponibilidad las 24 horas
38.0;Plaza Libertad;-583.828.953.844.952;-345.969.901.800.416;Cerrito y Marcelo T. de Alvear;AUTOMÁTICA;Nueva estación! - Abril de 2015 (se incorpora con el sistema automático);Estación automática: disponibilidad las 24 horas
39.0;Santiago del Estero;;;;;;
39.0;Congreso II;-583.876.529.230.089;-346.089.915.917.558;Av Rivadavia y Paraná;AUTOMÁTICA;ago-17;Estación automática: disponibilidad las 24 horas
40.0;Sarmiento;-58.373.371.100.742;-346.043.980.605.276;Sarmiento 481, entre Reconquista y San Martín;AUTOMÁTICA;Nueva estación! - Junio 2015;Estación automática: disponibilidad las 24 horas
41.0;Urquiza;-584.075.919.835.788;-34.636.519.409.884;Gral Urquiza y Rondeau;AUTOMÁTICA;Nueva estación! - Julio 2015;Estación automática: disponibilidad las 24 horas
42.0;Diagonal Norte;-58.379.651.843.941.700;-34.604.641.737.040.000;Roque Sáenz Peña y Suipacha;AUTOMÁTICA;Nueva estación! - Agosto 2015;Estación automática: disponibilidad las 24 horas
43.0;Plaza Houssay;-583.985.214.522.976;-34.599.189.849.214.600;Plaza Houssay;AUTOMÁTICA;Nueva estación! - Se pasó de Manual a Automática en Junio 2015;Estación automática: disponibilidad las 24 horas
44.0;Zoológico;-58.414.594.877.753.400;-345.754.853.233.668;Av Del Libertador y Av Sarmiento;AUTOMÁTICA;Nueva estación! - Junio 2015;Estación automática: disponibilidad las 24 horas
45.0;Uruguay;-583.869.126.629.142;-346.016.160.280.163;Tucumán y Uruguay;AUTOMÁTICA;feb-17;Estación automática: disponibilidad las 24 horas
46.0;Chile;-5.837.438.882.454.270;-346.163.784.807.971;Perú 726;AUTOMÁTICA;Nueva estación! - Julio 2015;Estación automática: disponibilidad las 24 horas
47.0;Colegio Nacional Buenos Aires;-583.735.574.617.984;-346.107.824.192.457;Bolivar entre Adolfo Alsina y Moreno;AUTOMÁTICA;Nueva estación! - Febrero 2016;Estación automática: disponibilidad las 24 horas
48.0;Perón;-583.715.948.631.615;-346.054.911.775.454;Perón Juan entre 25 de Mayo y Reconquista;AUTOMÁTICA;Nueva estación! - Agosto 2015;Estación automática: disponibilidad las 24 horas
49.0;Treinta y Tres Orientales;-58.422.422.403.807.200;-346.288.173.658.193;Constitución 4101 y Treinta y Tres Orientales;AUTOMÁTICA;Nueva! Septiembre 2016;Estación automática: disponibilidad las 24 horas
50.0;Hospital Rivadavia;-584.011.477.812.048;-345.836.773.298.631;Lucena Pereyra 2516 entre Las Heras y Pagano;AUTOMÁTICA;ago-16;Estación automática: disponibilidad las 24 horas
51.0;Tucumán;-583.824.487.653.053;-346.015.861.695.762;Tucumán y Cerrito;AUTOMÁTICA;jul-15;Estación automática: disponibilidad las 24 horas
52.0;Sánchez de Bustamante;-584.146.677.521.709;-346.070.890.121.579;Sánchez de Bustamante y Perón Juan;AUTOMÁTICA;Nueva estación! - Septiembre 2015;Estación automática: disponibilidad las 24 horas
53.0;Ricardo Rojas;-583.742.822.955.873;-345.958.814.445.217;San Martín 1031;AUTOMÁTICA;Nueva estación! - Julio 2015;Estación automática: disponibilidad las 24 horas
54.0;Acuña de Figueroa;-584.217.046.052.783;-345.982.221.815.643;Lavalle y Acuña de Figueroa;AUTOMÁTICA;mar-17;Estación automática: disponibilidad las 24 horas
55.0;Bouchard;-5.836.962.170.868.060;-34.599.337.457.664.100;Viamonte 101 y Bouchard;AUTOMÁTICA;jul-16;Estación automática: disponibilidad las 24 horas
56.0;Plaza Palermo Viejo;-58.425.072.429.468;-345.893.711.824.472;Costa Rica y Malabia;AUTOMÁTICA;Nueva estación! - Octubre 2015;Estación automática: disponibilidad las 24 horas
57.0;Belgrano;-58.370.576.623.393.700;-34.613.384.646.496.800;Balcarce 482 entre Belgrano y Venezuela;AUTOMÁTICA;Nueva estación! - Septiembre 2015;Estación automática: disponibilidad las 24 horas
58.0;Ministro Carranza;-5.843.462.631.699.820;-34.575.189.674.801;Santa Fe 5327 entre Dorrego y Arévalo;AUTOMÁTICA;Nueva estación! - Octubre 2015;Estación automática: disponibilidad las 24 horas
59.0;Coronel Díaz;-58.411.495.316.773.900;-345.902.244.780.447;Güemes 3328 y Coronel Diaz;AUTOMÁTICA;Nueva estación! - Febrero 2016;Estación automática: disponibilidad las 24 horas
60.0;25 de Mayo;-58.371.155.474.862.700;-346.016.384.998.143;25 de Mayo y Lavalle;AUTOMÁTICA;Nueva estación! - Agosto 2015;Estación automática: disponibilidad las 24 horas
61.0;Ministerio de Economía;-583.708.343.749.879;-346.090.860.400.313;Balcarce 101 entre Av. Hipólito Yrigoyen y Alsina;AUTOMÁTICA;Nueva estación! - Febrero 2016;Estación automática: disponibilidad las 24 horas
62.0;Córdoba;-583.769.007.239.132;-34.598.515.523.188;Maipú 820;AUTOMÁTICA;Nueva estación! - Julio 2015;Estación automática: disponibilidad las 24 horas
63.0;Reconquista;-58.372.723.516.254;-3.459.946.924.973;Reconquista 716 y Av Córdoba;AUTOMÁTICA;Nueva estación: 29/02/2016;Estación automática: disponibilidad las 24 horas
64.0;Riobamba;-58.394.439.682.611.700;-345.941.490.349.228;Riobamba y Juncal;AUTOMÁTICA;Nueva estación! - Enero 2016;Estación automática: disponibilidad las 24 horas
65.0;Julián Álvarez;-584.159.396.842.283;-345.872.157.390.033;Güemes 3822 entre Julián Álvarez y Araoz;AUTOMÁTICA;Nueva estación! - Febrero 2016;Estación automática: disponibilidad las 24 horas
66.0;Billinghurst;-5.841.385.892.691;-345.946.291.440.332;De la Cárcova 3508;AUTOMÁTICA;jun-16;Estación automática: disponibilidad las 24 horas
67.0;Senillosa;-58.425.477.470.589;-346.385.009.158.718;Senillosa 1905 y zañartú;AUTOMÁTICA;ago-16;Estación automática: disponibilidad las 24 horas
68.0;Rivarola;-583.853.975.745.649;-346.066.473.499.434;Dr. Rodolfo Rivarola 175 entre Tte. Gral. Juan Domingo Perón y Bartolomé Mitre;AUTOMÁTICA;Nueva estación! - Septiembre 2015;Estación automática: disponibilidad las 24 horas
69.0;Ecuador;-584.043.560.649.594;-345.958.623.506.374;Ecuador 1200 y Mansilla;AUTOMÁTICA;Nueva estación! - Febrero 2016;Estación automática: disponibilidad las 24 horas
70.0;Aráoz;-58.425.816.435.958.200;-34.592.672.511.996.700;Aráoz 1413 entre Gorriti y Honduras;AUTOMÁTICA;jun-16;Estación automática: disponibilidad las 24 horas
71.0;Cerrito;-5.838.284.296.772.060;-346.029.957.670.657;Av. Roque Saenz Peña 1149 entre Libertad y Cerrito;AUTOMÁTICA;"Nueva estación! - Febrero 2016 (antes figuraba con nombre ""Libertad"")";Estación automática: disponibilidad las 24 horas
72.0;Venezuela;-583.745.525.014.373;-34.613.650.393.454.900;Perú 490 y Venezuela;AUTOMÁTICA;Nueva estación: 29/02/2016;Estación automática: disponibilidad las 24 horas
73.0;Ruy Díaz de Guzmán;-583.717.059.086.228;-346.308.122.093.612;Ruy Díaz de Guzmán y Av. Martín García;AUTOMÁTICA;abr-17;Estación automática: disponibilidad las 24 horas
74.0;Instituto Leloir;-58.434.242.799.113.900;-34.604.571.775.755;Av. Patricias Argentinas 401, entre Juana de Ibarbourou y Av. Machado;AUTOMÁTICA;Nueva estación! - Febrero 2016;Estación automática: disponibilidad las 24 horas
75.0;Plaza Primero de Mayo;-58.398.904.702.934.100;-346.121.235.856.114;Pichincha entre Adolfo Alsina y Moreno;AUTOMÁTICA;dic-16;Estación automática: disponibilidad las 24 horas
76.0;Ayacucho;-583.949.273.062.838;-34.607.572.645.092;Ayacucho entre Perón Juan y Bartolomé Mitre;AUTOMÁTICA;Nueva estación! - Enero 2016;Estación automática: disponibilidad las 24 horas
77.0;Sarandí;-583.948.309.043.474;-346.112.703.094.325;Sarandí entre Adolfo Alsina e Hipólito Yrigoyen;AUTOMÁTICA;dic-16;Estación automática: disponibilidad las 24 horas
78.0;Suipacha y Arroyo;-583.803.382.442.443;-345.914.156.869.824;Arroyo y Suipacha;AUTOMÁTICA;"Agosto 2016 - En Julio de 2017 cambió su nombre y ubicación. Antes era ""Arroyo""";Estación automática: disponibilidad las 24 horas
79.0;Azucena Villaflor;-583.639.690.795.297;-34.611.720.675.269.300;Azucena Villaflor y Pierina Dealessi;AUTOMÁTICA;dic-16;Estación automática: disponibilidad las 24 horas
80.0;Doblas;-58.430.319.869.395.500;-346.241.295.471.149;Doblas 608 y Valle;AUTOMÁTICA;ago-16;Estación automática: disponibilidad las 24 horas
81.0;Balcarce;-583.708.787.659.055;-346.158.474.133.672;Balcarce 683 entre Chile y Defensa;AUTOMÁTICA;jun-16;Estación automática: disponibilidad las 24 horas
82.0;Hospital Italiano;-584.262.666.390.011;-34.607.429.501.613.000;Rawson entre Potosí y Díaz Vélez;AUTOMÁTICA;Nueva estación! - Febrero 2016;Estación automática: disponibilidad las 24 horas
83.0;Paraná;-58.388.415.093.700.100;-34.603.004.436.286.500;Lavalle enttre Montevideo y Paraná;AUTOMÁTICA;abr-17;Estación automática: disponibilidad las 24 horas
84.0;Lavalle;-583.954.716.595.379;-346.022.901.190.225;Ayacucho 595 entre Tucumán y Lavalle;AUTOMÁTICA;jun-16;Estación automática: disponibilidad las 24 horas
85.0;Agüero;-58.409.034.003.474;-345.946.161.105.705;Aguero y Mansilla;;;
86.0;Saavedra;-58.401.720.369.330.700;-34.621.356.081.357.600;Saavedra 1027 entre Carlos Calvo Y Humberto 1º;AUTOMÁTICA;sep-16;Estación automática: disponibilidad las 24 horas
87.0;Guayaquil;-58.431.535.896.984.600;-346.198.285.372.612;Guayaquil 213 y Doblas;AUTOMÁTICA;Nueva! Septiembre 2016;Estación automática: disponibilidad las 24 horas
88.0;Misiones;-58.404.230.050.846;-346.128.670.912.616;Misiones entre Adolfo Alsina y Moreno;AUTOMÁTICA;Agosto de 2016;Estación automática: disponibilidad las 24 horas
89.0;Cabello;-584.053.126.989.307;-345.824.723.755.753;Cabello entre Cnel Díaz y Ortiz de Ocampo;AUTOMÁTICA;mar-17;Estación automática: disponibilidad las 24 horas
90.0;Gutiérrez;-58.399.368.569.691;-345.871.172.067.942;Juan Maria Gutiérrez entre Aguero y Laprida;AUTOMÁTICA;mar-17;Estación automática: disponibilidad las 24 horas
91.0;Pasco;-58.397.547.065.967.900;-346.174.914.920.679;Pasco 708 entre Chile y Av Independencia;AUTOMÁTICA;jul-16;Estación automática: disponibilidad las 24 horas
92.0;Salcedo;-584.050.191.499.757;-346.317.246.877.284;Salcedo 2908 y Dean Funes;AUTOMÁTICA;dic-16;Estación automática: disponibilidad las 24 horas
93.0;Carlos Calvo;-5.839.476.949.340.070;-346.206.013.403.211;Carlos Calvo y Sarandí;AUTOMÁTICA;abr-17;Estación automática: disponibilidad las 24 horas
94.0;Guzmán;-58.449.442.063.758.700;-345.918.191.166.975;Guzmán y Leiva;AUTOMÁTICA;Nueva estación! - Enero 2016;Estación automática: disponibilidad las 24 horas
95.0;Esmeralda;-583.781.735.400.286;-346.020.919.024.436;Esmeralda 510;AUTOMÁTICA;Nueva estación! - Febrero 2016;Estación automática: disponibilidad las 24 horas
96.0;Carlos Gardel;-584.115.848.948.388;-34.602.891.143.934;Guardia Vieja 3302;AUTOMÁTICA;jun-16;Estación automática: disponibilidad las 24 horas
97.0;Avelino Díaz;-584.274.014.111.176;-346.352.502.807.008;Avelino Díaz 499 y Doblas;AUTOMÁTICA;Nueva! Septiembre 2016;Estación automática: disponibilidad las 24 horas
98.0;Moreno;-58.378.121.718.966.800;-346.117.139.986.102;Moreno 834 entre Tacuarí y Piedras;AUTOMÁTICA;jul-16;Estación automática: disponibilidad las 24 horas
99.0;Malabia;-58.435.615.487.267.200;-345.962.805.421.679;Malabia 780 y Loyola;AUTOMÁTICA;jun-16;Estación automática: disponibilidad las 24 horas
100.0;Castillo;-584.367.711.514.498;-34.592.706.718.923.300;Castillo 815 entre Thames y Serrano;AUTOMÁTICA;mar-17;Estación automática: disponibilidad las 24 horas
101.0;Fitz Roy;-584.424.227.041.164;-345.890.491.463.383;Fitz Roy 1092 y Loyola;AUTOMÁTICA;ene-17;Estación automática: disponibilidad las 24 horas
102.0;Roseti;-584.459.867.498.295;-345.864.398.918.839;Roseti 50 y Av Dorrego;AUTOMÁTICA;sep-17;Estación automática: disponibilidad las 24 horas
103.0;Malba;-584.035.331.506.686;-345.774.146.206.859;Av Figueroa Alcorta y San Martín de Tours;AUTOMÁTICA;abr-17;Estación automática: disponibilidad las 24 horas
104.0;Federico Lacroze;-584.550.621.945.096;-345.875.483.636.412;Av Corrientes 6800 y Federico Lacroze;AUTOMÁTICA;abr-17;Estación automática: disponibilidad las 24 horas
105.0;15 de Noviembre;-584.009.623.109.061;-346.339.776.263.697;15 de Noviembre de 1889 2687 entre Catamarca y Jujuy;AUTOMÁTICA;mar-17;Estación automática: disponibilidad las 24 horas
106.0;Rincón;-583.958.974.659.054;-346.151.962.004.792;Venezuela 2091 y Rincón;AUTOMÁTICA;dic-16;Estación automática: disponibilidad las 24 horas
107.0;Hospital Garrahan;-583.959.443.595.269;-34.630.437.687.185;Hospital Garrahan: Av Brasil y Pichincha;AUTOMÁTICA;may-17;Estación automática: disponibilidad las 24 horas
108.0;Usina del Arte;-5.835.625.741.449.920;-346.287.807.815.099;Caffarena Agustín y Don Pedro de Mendoza;AUTOMÁTICA;ene-17;Estación automática: disponibilidad las 24 horas
109.0;Lerma;-584.295.906.822.899;-345.966.937.447.772;Lerma 185 y Julián Álvarez;AUTOMÁTICA;mar-17;Estación automática: disponibilidad las 24 horas
110.0;Guardia Vieja;-58.415.459.396.243;-346.017.606.028.946;Guardia Vieja 3606 entre Billinghurst y Mario Bravo;AUTOMÁTICA;mar-17;Estación automática: disponibilidad las 24 horas
111.0;Macacha Güemes;-583.629.996.585.557;-346.049.691.631.744;Macacha Guemes y Juana Manso;;;
112.0;9 de Julio;-5.838.076.631.152.280;-346.123.893.028.971;9 de Julio y Moreno;AUTOMÁTICA;feb-17;Estación automática: disponibilidad las 24 horas
113.0;Guatemala;-5.842.520.465.764.970;-345.856.694.443.182;Guatemala 4799 entre J.L. Borges y Gurruchaga;AUTOMÁTICA;mar-17;Estación automática: disponibilidad las 24 horas
114.0;Della Paolera;-583.725.350.641.629;-345.947.530.965.532;Carlos M. Della Paolera 297 entre Leandro N Alem y Eduardo Madero;AUTOMÁTICA;nov-16;Estación automática: disponibilidad las 24 horas
115.0;Quintana;-583.907.862.838.861;-345.878.120.499.245;Manuel Quintana 600;AUTOMÁTICA;nov-16;Estación automática: disponibilidad las 24 horas
116.0;Hospital Alemán;-584.025.983.842.195;-3.459.210.424.090.080;Beruti y Ecuador;AUTOMÁTICA;may-17;Estación automática: disponibilidad las 24 horas
117.0;Humberto Primo;-583.742.180.079.119;-346.199.404.395.595;Perú 1016 entre Humberto Primo y Carlos Calvo;AUTOMÁTICA;may-17;Estación automática: disponibilidad las 24 horas
118.0;México;-584.028.266.768.832;-346.168.125.831.672;Saavedra y México;AUTOMÁTICA;dic-16;Estación automática: disponibilidad las 24 horas
119.0;Emilio Mitre;-58.397.684.271.763.200;-345.883.718.391.208;Plaza Emilio Mitre - Larrea y Pacheco de Melo;AUTOMÁTICA;feb-17;Estación automática: disponibilidad las 24 horas
120.0;Hospital Ramos Mejía;-58.409.110.475.451.700;-346.175.490.894.938;Agrelo entre  Gral. Urquiza, y Gral. La Rioja;AUTOMÁTICA;dic-16;Estación automática: disponibilidad las 24 horas
121.0;Yatay;-58.428.267.593.013.400;-346.008.183.886.904;Yatay 925 entre Humahuaca y Guardia Vieja;AUTOMÁTICA;nov-16;Estación automática: disponibilidad las 24 horas
122.0;Costa Rica;-584.204.074.371.223;-345.916.244.590.276;Costa Rica 4090 y Acuña de Figueroa;AUTOMÁTICA;mar-17;Estación automática: disponibilidad las 24 horas
123.0;Armenia;-58.421.044.153.603.700;-345.854.242.215.495;Armenia 2393 y Charcas;AUTOMÁTICA;mar-17;Estación automática: disponibilidad las 24 horas
124.0;Ugarteche;-58.412.313.560.298.300;-345.810.816.066.871;Ugarteche entre Cabello y Las Heras;AUTOMÁTICA;mar-17;Estación automática: disponibilidad las 24 horas
125.0;Oro;-584.282.171.673.392;-345.834.801.072.487;Fray Justo Santamaria de Oro y Guatemala;AUTOMÁTICA;may-17;Estación automática: disponibilidad las 24 horas
126.0;Ministerio de Justicia y Seguridad;-58.369.430.546.477.300;-3.463.997.121.461.620;Regimiento de Patricios y Aráoz de Lamadrid;AUTOMÁTICA;abr-17;Estación automática: disponibilidad las 24 horas
127.0;Santos Dumont y Otero;-584.529.268.261.496;-345.922.124.775.116;Santos Dumont 4380 y Otero;AUTOMÁTICA;may-17;Estación automática: disponibilidad las 24 horas
128.0;Plaza Hipólito Bouchard;-583.682.319.681.783;-346.041.288.551.832;Plaza Hipólito Bouchard - Av Eduardo Madero y Perón Juan;AUTOMÁTICA;feb-17;Estación automática: disponibilidad las 24 horas
129.0;Velasco;-58.434.954.874.725.700;-34.600.164.664.861.100;Velasco 285 entre Julián Álvarez y Lavalleja;AUTOMÁTICA;mar-17;Estación automática: disponibilidad las 24 horas
130.0;Retiro II;-583.742.850.966.173;-345.919.408.626.661;Plaza Fuerza Aérea: Av. Dr. J. Ramos Mejia y Av Del Libertador;AUTOMÁTICA;may-17;Estación automática: disponibilidad las 24 horas
131.0;Retiro III;-583.742.100.283.191;-345.918.464.928.405;Plaza Fuerza Aérea: Av. Dr. J. Ramos Mejia y Av Del Libertador;AUTOMÁTICA;may-17;Estación automática: disponibilidad las 24 horas
132.0;Corrientes;-583.736.760.826.555;-346.031.208.697.631;Av Corrientes y San Martín;AUTOMÁTICA;feb-17;Estación automática: disponibilidad las 24 horas
133.0;Nicaragua;-584.343.825.082.215;-34.581.039.917.576;Nicaragua 5690 entre Bonpland y Fitz Roy;AUTOMÁTICA;may-17;Estación automática: disponibilidad las 24 horas
134.0;Don Bosco;-584.155.158.417.582;-346.118.758.790.199;Don Bosco y Virrey LIniers;AUTOMÁTICA;ene-17;Estación automática: disponibilidad las 24 horas
135.0;Marcelo T. de Alvear;-583.797.648.546.651;-34.596.455.762.618.100;Marcelo T de Alvear y Suipacha;AUTOMÁTICA;feb-17;Estación automática: disponibilidad las 24 horas
136.0;Acevedo;-584.429.012.738.521;-345.998.125.732.878;Acevedo y Padilla;AUTOMÁTICA;ene-17;Estación automática: disponibilidad las 24 horas
137.0;Azopardo y Chile;-583.674.700.069.781;-346.159.263.966.689;Azopardo 700 y Chile;AUTOMÁTICA;may-17;Estación automática: disponibilidad las 24 horas
138.0;Hospital Británico;-58.387.766.665.448.300;-346.349.489.594.118;Perdriel y Finochietto Enrique;AUTOMÁTICA;may-17;Estación automática: disponibilidad las 24 horas
139.0;Virrey Liniers;-5.841.315.046.869.150;-346.333.089.848.092;Salcedo 3401 y Virrey Liniers;AUTOMÁTICA;mar-17;Estación automática: disponibilidad las 24 horas
140.0;Las Casas;-58.415.775.044.145.700;-34.635.148.035.031;Las Casas 3587 entre Av. Boedo y Alzaga;AUTOMÁTICA;mar-17;Estación automática: disponibilidad las 24 horas
141.0;Solís y Alsina;-583.904.105.537.014;-34.611.837.952.645.100;Solís 225 y Adolfo Alsina;AUTOMÁTICA;may-17;Estación automática: disponibilidad las 24 horas
142.0;Armenia y Gorriti;-584.288.881.956.896;-34.590.554.215.665.900;Armenia 1525 entre Gorriti y Honduras;AUTOMÁTICA;may-17;Estación automática: disponibilidad las 24 horas
143.0;Billinghurst y Valentín Gomez;-584.157.587.038.097;-346.046.352.325.181;Billinghurst 455 y Valentín Gomez;AUTOMÁTICA;may-17;Estación automática: disponibilidad las 24 horas
144.0;Pueyrredón;-584.057.904.124.662;-34.601.779.712.818.600;Boulogne Sur Mer y Tucuman;AUTOMÁTICA;mar-17;Estación automática: disponibilidad las 24 horas
145.0;Ravignani;-584.378.366.120.078;-345.804.694.653.892;Ravignani 1883 y Costa Rica;AUTOMÁTICA;abr-17;Estación automática: disponibilidad las 24 horas
146.0;Hospital Francés;-584.077.875.519.753;-346.221.944.542.981;Hospital Francés: Carlos Calvo y La Rioja;AUTOMÁTICA;abr-17;Estación automática: disponibilidad las 24 horas
147.0;Constitución I;-5.837.910.486.128.020;-346.274.554.061.156;Av Brasil 1050 y Lima;AUTOMÁTICA;may-17;Estación automática: disponibilidad las 24 horas
148.0;Constitución II;-58.379.231.885.257.700;-34.627.494.076.458.300;Av Brasil 1060 y Lima;AUTOMÁTICA;may-17;Estación automática: disponibilidad las 24 horas
149.0;Lima;-583.814.348.855.933;-346.153.639.565.906;Lima y México;AUTOMÁTICA;feb-17;Estación automática: disponibilidad las 24 horas
150.0;Vera Peñaloza;-58.363.090.509.170.800;-346.180.820.211.727;Rosario Vera Peñaloza y Olga Cossettini;AUTOMÁTICA;dic-16;Estación automática: disponibilidad las 24 horas
151.0;Aimé Painé;-58.360.905.798.483;-346.118.079.128.888;Azucena Villaflor 553 entre Calabria y Aimé Painé;AUTOMÁTICA;dic-16;Estación automática: disponibilidad las 24 horas
152.0;Julieta Lanteri;-5.835.913.142.905.360;-34.617.485.823.733.800;Vera Peñalosa entre Calabria y Julieta Lanteri;AUTOMÁTICA;ene-17;Estación automática: disponibilidad las 24 horas
153.0;Juan Manuel Blanes;-58.362.083.360.324.700;-346.306.928.058.918;Juan Manuel Blanes 383;AUTOMÁTICA;abr-17;Estación automática: disponibilidad las 24 horas
154.0;Gallo;-5.841.210.471.914.760;-346.002.248.637.866;Gallo y Tucumán;AUTOMÁTICA;feb-17;Estación automática: disponibilidad las 24 horas
155.0;Parque José Evaristo Uriburu;-584.125.592.981.411;-346.417.279.105.113;Pque. José E. Uriburu - Almafuerte 300;AUTOMÁTICA;jun-17;Estación automática: disponibilidad las 24 horas
156.0;Plaza Alemania;-58.407.965.559.468;-345.778.491.087.657;Plaza Alemania: Del Libertador Av y Cavia;AUTOMÁTICA;jun-17;Estación automática: disponibilidad las 24 horas
157.0;Senillosa y Zuviría;-584.279.521.831.874;-346.283.092.127.138;Senillosa 989 y Zuviría;AUTOMÁTICA;jun-17;Estación automática: disponibilidad las 24 horas
158.0;Villarroel;-5.844.509.865.535.970;-345.928.392.137.991;Villarroel y Humboldt;AUTOMÁTICA;abr-17;Estación automática: disponibilidad las 24 horas
160.0;Godoy Cruz y Libertador;-5.842.021.025.469.270;-345.729.623.675.618;Godoy Cruz 3291 entre Av Del Libertador y Seguí;AUTOMÁTICA;abr-17;Estación automática: disponibilidad las 24 horas
161.0;Humahuaca;-584.196.778.632.351;-3.460.205.792.409.480;Humahuaca 3918;AUTOMÁTICA;ene-17;Estación automática: disponibilidad las 24 horas
162.0;Larrea y Bartolomé Mitre;-58.401.945.169.855.700;-34.609.239.096.778.300;Larrea entre Bartolomé Mitre y Av Rivadavia;AUTOMÁTICA;jun-17;Estación automática: disponibilidad las 24 horas
163.0;Once II;-584.066.167.991.811;-346.093.554.863.347;Bartolomé Mitre y Av Pueyrredón;AUTOMÁTICA;jun-17;Estación automática: disponibilidad las 24 horas
164.0;Facultad de Ingeniería;-58.366.755.289.408.300;-346.180.669.522.061;Estados Unidos entre Azopardo y Huergo Av;AUTOMÁTICA;feb-17;Estación automática: disponibilidad las 24 horas
165.0;Plaza Monseñor Miguel de Andrea;-5.840.785.166.335.990;-34.597.763.577.063.300;Plaza Monseñor Miguel de Andrea (Anchorena 900);AUTOMÁTICA;jun-17;Estación automática: disponibilidad las 24 horas
166.0;Cementerio de la Recoleta;-583.933.174.506.005;-345.891.497.441.135;Vicente López 2050 entre Junín y Uriburu;AUTOMÁTICA;Inaugurada 3/10/2016;Estación automática: disponibilidad las 24 horas
167.0;Hipólito Yrigoyen;-5.842.878.106.059.360;-3.461.506.434.662;Hipolito Yrigoyen entre Muñiz y La Plata;AUTOMÁTICA;mar-17;Estación automática: disponibilidad las 24 horas
168.0;Estados Unidos;-583.812.826.082.139;-34.618.619.956.816.600;Estados Unidos y Lima;AUTOMÁTICA;jun-17;Estación automática: disponibilidad las 24 horas
169.0;Facultad de Psicología;-584.119.247.639.604;-346.120.200.280.467;Hipólito Yrigoyen y 24 de Noviembre;AUTOMÁTICA;jul-17;Estación automática: disponibilidad las 24 horas
170.0;San Luis y Ecuador;-584.059.662.231.588;-345.997.327.041.382;San Luis 2862 entre Ecuador y Boulogne Sur Mer;AUTOMÁTICA;jun-17;Estación automática: disponibilidad las 24 horas
171.0;Pasteur;-583.995.268.655.325;-346.032.429.525.726;Pasteur 501 entre Tucumán y Lavalle;AUTOMÁTICA;jun-17;Estación automática: disponibilidad las 24 horas
172.0;Brasil;-583.709.849.319.133;-346.256.071.806.032;Brasil y Defensa;AUTOMÁTICA;abr-17;Estación automática: disponibilidad las 24 horas
173.0;Plaza Cecilia Grierson;-583.747.525.088.729;-346.220.599.419.731;Av San Juan 632;AUTOMÁTICA;abr-17;Estación automática: disponibilidad las 24 horas
174.0;Ministerio de Educación;-5.839.154.877.509.870;-345.972.614.724.898;Marcelo T De Alvear 1698 y Rodríguez Peña;AUTOMÁTICA;jul-17;Estación automática: disponibilidad las 24 horas
175.0;Esmeralda y Corrientes;-5.837.810.663.722.550;-346.037.187.781.396;Esmeralda y Av Corrientes;AUTOMÁTICA;feb-17;Estación automática: disponibilidad las 24 horas
176.0;Pinzón;-583.609.331.461.699;-346.340.720.907.317;Pinzón 469 y Martín Rodríguez;AUTOMÁTICA;mar-17;Estación automática: disponibilidad las 24 horas
177.0;Planetario;-584.121.585.445.467;-345.680.738.913.864;Av. Roldan, Belisario y Av. Sarmiento;AUTOMÁTICA;jul-17;Estación automática: disponibilidad las 24 horas
178.0;José Marmol;-5.842.486.660.380.930;-34.623.457.406.189.200;José Marmol 803 y Estados Unidos;AUTOMÁTICA;jul-17;Estación automática: disponibilidad las 24 horas
179.0;La Boca;-583.603.993.063.349;-346.391.140.733.123;Don Pedro de Mendoza 1819;AUTOMÁTICA;Inauguración 05/12/2017;Estación automática: disponibilidad las 24 horas
180.0;Castro y México;-584.204.709.626.304;-34.619.802.649.015;Castro 680 entre México y Agrelo;AUTOMÁTICA;jul-17;Estación automática: disponibilidad las 24 horas
181.0;Billinghurst y Mansilla;-58.411.913.670.783.600;-345.926.966.138.816;Billinghurst 1533 y Mansilla;AUTOMÁTICA;abr-17;Estación automática: disponibilidad las 24 horas
182.0;Ravignani y Guatemala;-584.352.336.081.538;-345.781.909.512.788;Ravignani 2171 y Guatemala;AUTOMÁTICA;may-17;Estación automática: disponibilidad las 24 horas
183.0;Virrey Cevallos;-58.389.691.907.404.600;-346.156.376.341.942;México 1652 entre Virrey Cevallos y Solís;AUTOMÁTICA;jul-17;Estación automática: disponibilidad las 24 horas
184.0;Pedro Echague;-583.913.186.324.946;-34.630.678.908.608;Pedro Echague 1878 entre Combate de los Pozos y Av Entre Ríos;AUTOMÁTICA;ago-17;Estación automática: disponibilidad las 24 horas
185.0;Av Pavón y 33 Orientales;-584.217.825.750.943;-346.313.699.718.195;33 Orientales 1439, entre Av. Pavón y Av. Garay;AUTOMÁTICA;jul-17;Estación automática: disponibilidad las 24 horas
186.0;Catamarca;-5.840.714.252.984.550;-346.125.512.856.829;Adolfo Alsina 2910 y Catamarca;AUTOMÁTICA;jul-17;Estación automática: disponibilidad las 24 horas
187.0;Parque Rivadavia;-5.843.179.118.261.820;-34.617.666.753.946.100;Chaco 250;AUTOMÁTICA;ago-17;Estación automática: disponibilidad las 24 horas
188.0;Aranguren;-58.433.506.016.027;-346.107.962.769.337;Aranguren 188 entre Portugal y Eduardo Acevedo;AUTOMÁTICA;ago-17;Estación automática: disponibilidad las 24 horas
189.0;Posadas;-583.855.860.204.811;-34.588.474.694.640.600;Posadas 1350 entre Montevideo y Rodríguez Peña;AUTOMÁTICA;ago-17;Estación automática: disponibilidad las 24 horas
190.0;Juncal;-5.841.122.742.233.940;-345.850.777.556.995;Juncal 3320 y Jerónimo Salguero;AUTOMÁTICA;ago-17;Estación automática: disponibilidad las 24 horas
191.0;Rivadavia y 9 de Julio;-5.838.091.227.469.620;-34.608.231.785.988;Rivadavia y Carlos pellegrini;AUTOMÁTICA;abr-17;Estación automática: disponibilidad las 24 horas
192.0;Talcahuano;-583.856.151.032.862;-345.977.988.046.358;Talcahuano 1034 y Marcelo T de Alvear;AUTOMÁTICA;jul-17;Estación automática: disponibilidad las 24 horas
193.0;Arenales y Agüero;-5.840.597.385.351.210;-34.591.110.880.844.600;Arenales 2882 y Aguero;;;
194.0;Perón y Francisco Acuña de Figueroa;-584.225.720.421.175;-34.605.952.483.313.300;Perón, Juan Domingo Tte 3989 entre Francisco Acuña de Figueroa y Medrano;AUTOMÁTICA;jul-17;Estación automática: disponibilidad las 24 horas
195.0;Plaza Garay;-58.387.453.831.513.600;-346.270.491.370.727;Av Juan de Garay y Luis Sáenz Peña;AUTOMÁTICA;ago-17;Estación automática: disponibilidad las 24 horas
196.0;Hospital Argerich;-5.836.601.904.882.370;-346.277.763.431.537;Pi y Margall 750 entre Necochea y Alte. Brown;AUTOMÁTICA;ago-17;Estación automática: disponibilidad las 24 horas
197.0;Quintino Bocayuva;-584.234.808.584.974;-346.135.962.625.509;Quintino Bocayuva y Don Bosco;AUTOMÁTICA;ago-17;Estación automática: disponibilidad las 24 horas
198.0;Hospital Sardá;-584.041.380.643.401;-346.343.800.087.707;Cátulo Castillo 2896 y Dean Funes;AUTOMÁTICA;ago-17;Estación automática: disponibilidad las 24 horas
199.0;Estados Unidos y Boedo;-58.415.881.554.842.900;-346.224.389.438.033;Estados Unidos 3568 entre Boedo y Maza;AUTOMÁTICA;ago-17;Estación automática: disponibilidad las 24 horas
200.0;Austria y French;-584.043.610.826.701;-345.881.914.580.956;Austria 2080 entre French y Juncal;AUTOMÁTICA;sep-17;Estación automática: disponibilidad las 24 horas
;CMD;;;;;;
;F. J. Santamaría de Oro;;;;;;
;Fitz Roy y Gorriti;;;;;;
;Ecoparque;;;;;;
